hospital_id,name,population,beds,helipad,owner_id,type_id
100,"IU HEALTH UNIVERSITY HOSPITAL",NULL,NULL,Y,4,1
10001915,"ENCOMPASS HEALTH REHAB HOSPITAL OF NE AT BEVERLY",20,20,N,1,5
100062249,"ST JOSEPH'S HOSPITAL",25,25,Y,2,4
1000676,"HOSPITAL SAN CARLOS BORROMEO",106,106,N,1,1
10007701,"RIVERVIEW MEDICAL CENTER",460,460,N,1,1
10010993,"HELEN HAYES HOSPITAL",130,130,N,4,5
10014810,"VA MEDICAL CENTER - BATH",440,440,N,6,7
10018510,"MOSES TAYLOR HOSPITAL",213,213,N,1,1
1002111,"TUFTS MEDICAL CENTER",415,415,Y,2,1
10023226,"ENCOMPASS HEALTH REHAB HOSP OF VIRGINIA",40,40,N,1,5
10028345,"FIRSTHEALTH MOORE REGIONAL HOSPITAL HAMLET",64,64,Y,1,1
1002903,"RHODE ISLAND HOSPITAL",719,719,Y,2,1
10030417,"EVANS MEMORIAL HOSPITAL",49,49,Y,3,1
1003047,"CROTCHED MOUNTAIN REHABILITATION CENTER",62,62,N,2,5
10035594,"NORTHWEST MEDICAL CENTER",49,49,Y,5,1
100361265,"TRINITY MEDICAL CENTER - 7TH ST CAMPUS",38,38,Y,0,1
10037074,"TROUSDALE MEDICAL CENTER",25,25,N,1,4
10038921,"TALLAHATCHIE GENERAL HOSPITAL",18,18,Y,5,4
1003909,"YORK HOSPITAL",79,79,Y,2,1
10041042,"ST ELIZABETH FLORENCE",231,231,Y,2,1
10043952,"TRINITY MEDICAL CENTER EAST",82,82,N,2,8
100460548,"VALLEY WEST COMMUNITY HOSPITAL",25,25,Y,2,4
10046527,"OAKLAWN PSYCHIATRIC CENTER INC",16,16,N,0,2
10048071,"DMC SURGERY HOSPITAL",11,11,N,2,1
10054001,"AMERY HOSPITAL AND CLINIC",25,25,Y,2,4
1005478,"NORTHWESTERN MEDICAL CENTER",70,70,N,2,1
10056062,"MADELIA COMMUNITY HOSPITAL",25,25,N,1,4
10060622,"HUMBOLDT PARK HEALTH",210,210,N,2,1
100614,"HOSPITAL DR SUSONI INC",138,138,Y,1,1
10063353,"PIKE COUNTY MEMORIAL HOSPITAL",25,25,Y,5,4
10066064,"ADAIR ACUTE CARE AT OSAWATOMIE STATE HOSPITAL",182,182,N,4,6
1006790,"THE CHARLOTTE HUNGERFORD HOSPITAL",109,109,Y,2,1
10068022,"NEBRASKA METHODIST HOSPITAL",137,137,Y,2,1
10071303,"LONGLEAF HOSPITAL",139,139,N,1,2
10071655,"DREW MEMORIAL HOSPITAL",49,49,Y,5,1
10073086,"ARBUCKLE MEMORIAL HOSPITAL AUTHORITY",25,25,Y,5,4
10078613,"CEDAR PARK REGIONAL MEDICAL CENTER",126,126,Y,1,1
100801,"THE ROY LESTER SCHNEIDER HOSPITAL",169,169,Y,5,1
10080534,"NORTHERN COLORADO REHABILITATION HOSPITAL",40,40,N,1,5
1008094,"MARYVILLE INCORPORATED",68,68,N,1,8
10085390,"WICKENBURG COMMUNITY HOSPITAL",19,19,Y,2,4
10092262,"DESERT REGIONAL MEDICAL CENTER",353,353,Y,1,1
100962263,"WASHINGTON COUNTY HOSPITAL",50,50,Y,5,4
10098004,"OVERLAKE MEDICAL CENTER",263,263,Y,2,1
10102118,"DR SOLOMON CARTER FULLER MENTAL HEALTH CENTER",60,60,N,4,2
10107065,"ROBERT WOOD JOHNSON UNIVERSITY HOSPITAL AT RAHWAY",251,251,N,1,1
10110960,"MONTEFIORE NYACK",391,391,N,2,1
10115063,"PENN HIGHLANDS MON VALLEY",200,200,Y,2,1
10123229,"HENRICO DOCTORS' HOSPITAL",767,767,Y,1,1
101262864,"GOOD SAMARITAN REGIONAL HEALTH CENTER",134,134,Y,0,1
10128352,"SCOTLAND MEMORIAL HOSPITAL",104,104,Y,1,1
10129180,"FAIRFIELD MEMORIAL HOSPITAL",25,25,N,5,4
10131069,"PERRY HOSPITAL",39,39,N,2,1
10136685,"PROVIDENCE HOSPITAL",349,349,Y,2,1
10137650,"UNICOI COUNTY MEMORIAL HOSPITAL",10,10,Y,2,1
10138668,"NORTH OAK REGIONAL MEDICAL CENTER",76,76,N,1,1
1014048,"BROOKS - TLC HOSPITAL SYSTEM, INC",65,65,N,2,1
10141075,"ST ELIZABETH FT THOMAS",178,178,Y,2,1
10144122,"UNIVERSITY HOSPITALS AHUJA MEDICAL CENTER, INC",144,144,Y,2,8
10146226,"OPTIONS BEHAVIORAL HEALTH SYSTEM",56,56,N,1,2
10148336,"BEAUMONT HOSPITAL - FARMINGTON HILLS",305,305,Y,2,1
1015132,"SELECT SPECIALTY HOSPITAL - MCKEESPORT, INC",33,33,N,1,6
10152803,"GENESIS MEDICAL CENTER",502,502,Y,2,1
10154001,"AMERY HOSPITAL AND CLINIC BEHAVIORAL HEALTH CENTER",10,10,N,2,1
101561342,"MENDOTA COMMUNITY HOSPITAL",25,25,Y,0,4
10156220,"SANFORD CANBY MEDICAL CENTER",25,25,Y,1,4
10160453,"ADVOCATE CHRIST HOSPITAL AND MEDICAL CENTER",802,802,Y,2,1
10164154,"SAINT LUKE'S NORTH HOSPITAL",97,97,Y,2,1
10167473,"OSBORNE COUNTY MEMORIAL HOSPITAL",16,16,N,5,4
10168124,"SELECT SPECIALTY HOSPITAL - OMAHA, INC",52,52,Y,1,6
10170445,"NORTHSHORE EXTENDED CARE HOSPITAL",58,58,Y,1,8
10172143,"UNITY HEALTH WHITE COUNTY MEDICAL CENTER",245,245,Y,2,1
10174525,"ATOKA COUNTY MEDICAL CENTER",25,25,Y,3,4
10178834,"DIMMIT REGIONAL HOSPITAL",25,25,Y,2,4
10180758,"WRAY COMMUNITY DISTRICT HOSPITAL",16,16,Y,3,4
101854,"LOWELL GENERAL HOSPITAL",239,239,Y,2,1
10186314,"WINDHAVEN PSYCHIATRIC HOSPITAL",16,16,Y,2,2
10192392,"DESERT VALLEY HOSPITAL",148,148,Y,1,1
1019973,"NANTICOKE MEMORIAL HOSPITAL",139,139,Y,2,1
102,"RILEY HOSPITAL FOR CHILDREN",NULL,NULL,Y,0,3
10202135,"FRANCISCAN CHILDREN'S HOSPITAL AND REHAB CENTER",112,112,N,2,3
10208857,"RARITAN BAY MEDICAL CENTER - OLD BRIDGE DIVISION",113,113,N,1,1
10210901,"GOOD SAMARITAN HOSPITAL OF SUFFERN",286,286,Y,2,1
1021205,"KENNEDY KRIEGER INSTITUTE",70,70,Y,2,3
10214215,"BUFFALO VA MEDICAL CENTER",199,199,N,6,7
10219403,"MONTGOMERY COUNTY MH/MR EMERGENCY SERVICES, INC",73,73,N,2,2
10223230,"VIBRA HOSPITAL OF RICHMOND LLC",60,60,N,1,6
10228359,"SOUTHEASTERN REGIONAL MEDICAL CENTER",337,337,N,1,1
10229566,"MCLEOD SEACOAST",118,118,Y,2,1
10230143,"PIEDMONT MOUNTAINSIDE HOSPITAL INC",52,52,N,2,1
10232803,"ADVENTHEALTH ORLANDO",1400,1400,Y,2,1
10235582,"RED BAY HOSPITAL",25,25,Y,3,4
10237604,"JOHNSON CITY MEDICAL CENTER",585,585,Y,2,1
10238663,"TIPPAH COUNTY HOSPITAL",25,25,Y,5,1
10241097,"ST ELIZABETH GRANT",25,25,Y,2,4
102442431,"BAPTIST HEALTH MADISONVILLE",390,390,Y,2,1
10244307,"AKRON GENERAL MEDICAL CENTER",541,541,Y,2,1
10246845,"ORTHOPAEDIC HOSPITAL AT PARKVIEW NORTH LLC",37,37,Y,1,1
10248342,"MCLAREN OAKLAND",280,280,N,2,1
1026038,"REYNOLDS MEMORIAL HOSPITAL",94,94,N,2,1
10261603,"METHODIST MEDICAL CENTER OF ILLINOIS",329,329,Y,0,1
102640475,"BAPTIST HEALTH RICHMOND",105,105,Y,2,1
10265613,"CITIZENS MEMORIAL HOSPITAL",86,86,Y,3,1
10267356,"OSWEGO COMMUNITY HOSPITAL",12,12,N,1,1
10268105,"DOUGLAS COUNTY",16,16,N,5,2
10273932,"BEAVER COUNTY MEMORIAL HOSPITAL",24,24,Y,3,4
10275633,"UT HEALTH EAST TEXAS CARTHAGE HOSPITAL",42,42,Y,1,1
1027804,"NASH GENERAL HOSPITAL",345,345,Y,3,1
10280759,"YUMA DISTRICT HOSPITAL",12,12,Y,3,1
102840,"NEWPORT HOSPITAL",129,129,N,2,1
10286301,"YAVAPAI REGIONAL MEDICAL CENTER",146,146,Y,2,1
1029512,"MARLBORO PARK HOSPITAL",94,94,N,1,1
10295336,"DOCTORS HOSPITAL OF MANTECA",73,73,N,1,1
10298109,"SEATTLE CANCER CARE ALLIANCE",20,20,N,2,8
103,"PORTER-PORTAGE HOSPITAL CAMPUS-ER",NULL,NULL,Y,0,1
103020850,"ADVENTIST HEALTHCARE SHADY GROVE MEDICAL CENTER",329,329,Y,2,1
10302131,"HEBREW REHABILITATION CENTER",675,675,N,2,5
10307728,"CENTRASTATE MEDICAL CENTER",284,284,Y,1,1
10310970,"SUMMIT PARK HOSPITAL AND NURSING CARE CENTER",378,378,N,5,6
10314424,"VA MEDICAL CENTER - CANANDAIGUA",NULL,NULL,N,6,7
10319401,"NORRISTOWN STATE HOSPITAL",374,374,N,4,2
103221207,"UMD REHABILITATION AND ORTHOPAEDIC INSTITUTE",136,136,N,0,1
10323294,"HENRICO DOCTOR'S HOSPITAL - PARHAM DOCTORS' HOSPITAL",340,340,N,1,1
10328722,"ST. LUKE'S HOSPITAL",35,35,Y,2,4
10329401,"RALPH H. JOHNSON DEPARTMENT OF VETERANS AFFAIRS MEDICAL CENTER",98,98,N,6,7
103301,"CONCORD HOSPITAL",295,295,Y,2,1
103321201,"UNIVERSITY OF MD MEDICAL CENTER MIDTOWN CAMPUS",180,180,N,4,1
10335999,"RIVERVIEW REGIONAL MEDICAL CENTER",281,281,Y,1,1
10337601,"QUILLEN REHABILITATION HOSPITAL - A JOINT VENTURE OF BALLAD HEALTH",36,36,N,2,5
10341014,"ST. ELIZABETH COVINGTON",151,151,N,2,1
10346580,"OTIS R BOWEN CENTER FOR HUMAN SERVICES INC",16,16,N,2,2
10348307,"ASCENSION PROVIDENCE ROCHESTER HOSPITAL",270,270,Y,2,1
10350022,"CASS COUNTY MEMORIAL HOSPITAL",33,33,Y,5,4
103520850,"ADVENTIST HEALTHCARE REHABILITATION AT ROCKVILLE",87,87,N,2,5
10354481,"ASPIRUS STEVENS POINT HOSPITAL",94,94,N,2,1
1035601,"DECATUR MORGAN HOSPITAL - PARKWAY CAMPUS",120,120,N,1,1
10356621,"SANFORD BAGLEY MEDICAL CENTER",25,25,Y,1,4
10362946,"HARRISBURG MEDICAL CENTER, INC",77,77,Y,2,1
10363565,"PUTNAM COUNTY MEMORIAL HOSPITAL",15,15,Y,5,4
10366067,"ADVENTHEALTH OTAWA",44,44,Y,2,6
10370427,"LSU BOGALUSA MEDICAL CENTER (OUTPATIENT CAMPUS)",NULL,NULL,N,4,1
103720735,"MEDSTAR SOUTHERN MARYLAND HOSPITAL CENTER",182,182,Y,2,1
10373015,"CARNEGIE TRI - COUNTY MUNICIPAL HOSPITAL",17,17,Y,5,4
1038201,"GIBSON GENERAL HOSPITAL",77,77,Y,1,1
103821061,"UMD BALTIMORE WASHINGTON MEDICAL CENTER",285,285,Y,0,1
10386314,"YAVAPAI REGIONAL MEDICAL CENTER - EAST CAMPUS",72,72,Y,2,1
10391790,"WEST COVINA MEDICAL CENTER",13,13,N,1,1
103921014,"UMD UPPER CHESAPEAKE MEDICAL CENTER",161,161,Y,4,1
1039216,"ST. DOMINIC - JACKSON MEMORIAL HOSPITAL",571,571,Y,2,1
10398902,"VIRGINIA MASON MEMORIAL HOSPITAL",226,226,Y,2,1
104,"METHODIST HOSPITAL-SOUTHLAKE",NULL,NULL,Y,0,1
104021078,"UNIVERSITY OF MD HARFORD MEMORIAL HOSPITAL",82,82,N,2,1
10402130,"LEMUEL SHATTUCK HOSPITAL",119,119,N,4,2
10412511,"VA MEDICAL CENTER - CASTLE POINT CAMPUS",250,250,N,6,7
10413669,"CLAXTON - HEPBURN MEDICAL CENTER",115,115,N,2,1
10416673,"CONEMAUGH NASON MEDICAL CENTER",45,45,Y,1,1
1042539,"CASEY COUNTY HOSPITAL",24,24,Y,2,4
10428002,"ATRIUM HEALTH STANLY",109,109,Y,3,1
10435010,"RUSSELL MEDICAL CENTER",81,81,Y,2,1
10437604,"WOODRIDGE PSYCHIATRIC HOSPITAL",585,585,N,2,2
10438652,"BAPTIST MEMORIAL HOSPITAL - UNION COUNTY",153,153,Y,2,1
104401,"NORTHERN LIGHT ACADIA HOSPITAL",100,100,N,2,2
104420876,"HOLY CROSS GERMANTOWN HOSPITAL",70,70,N,0,1
10442141,"T J SAMSON COMMUNITY HOSPITAL",180,180,Y,2,1
1044501,"MERCY HEALTH ST. ELIZABETH YOUNGSTOWN HOSPITAL",520,520,Y,2,1
10445750,"MARIETTA MEMORIAL HOSPITAL",221,221,Y,2,1
10446750,"PARKVIEW HUNTINGTON HOSPITAL",36,36,Y,2,1
10448085,"BEAUMONT HOSPITAL - TROY",530,530,Y,2,1
10450219,"PELLA REGIONAL HEALTH CENTER CAH",25,25,Y,2,4
10454024,"ST CROIX REGIONAL MEDICAL CENTER",25,25,Y,2,4
10456296,"SANFORD MEDICAL CENTER WHEATON",25,25,N,1,4
10460134,"DELNOR COMMUNITY HOSPITAL",159,159,Y,2,1
10465270,"MOBERLY REGIONAL MEDICAL CENTER",99,99,Y,1,1
10466213,"PINNACLE REGIONAL HOSPITAL INC",4,4,N,1,1
10471103,"OCHSNER LSU HEALTH SHREVEPORT",244,244,Y,4,1
1047201,"COLUMBUS REGIONAL HOSPITAL",198,198,Y,5,1
10473632,"CORDELL MEMORIAL HOSPITAL",14,14,Y,5,4
10477530,"KINDRED HOSPITAL EAST HOUSTON",83,83,N,1,6
10485364,"YUMA REGIONAL MEDICAL CENTER",405,405,Y,2,1
104868506,"MADONNA REHABILITATION HOSPITAL LINCOLN",67,67,N,1,5
1048879,"SPARROW CLINTON HOSPITAL",25,25,Y,2,4
10495350,"DOCTORS MEDICAL CENTER",394,394,Y,1,1
104968122,"ALEGENT HEALTH",352,352,Y,1,1
10498034,"FAIRFAX BEHAVIORAL HEALTH",134,134,N,1,2
10502114,"THE SHRINERS' HOSPITAL FOR CHILDREN - BOSTON",9,9,N,2,3
105068661,"ALEGENT CREIGHTON HEALTH MEMORIAL HOSP SCHUYLER",25,25,Y,1,4
10508861,"RARITAN BAY MEDICAL CENTER",347,347,N,1,1
10510548,"VA MEDICAL CENTER - MONTROSE CAMPUS",NULL,NULL,N,6,7
1051247,"HEGG MEMORIAL HOSPITAL",25,25,Y,2,4
10513642,"GOUVERNEUR HOSPITAL",25,25,N,2,4
105168410,"ST. MARY'S COMMUNITY HOSPITAL",18,18,Y,2,4
10518634,"SPECIAL CARE HOSPITAL",67,67,N,1,6
10527016,"LIFEBRITE COMMUNITY HOSPITAL OF STOKES",59,59,N,1,4
105301,"BRATTLEBORO MEMORIAL HOSPITAL",61,61,Y,2,1
10531329,"EFFINGHAM HEALTH SYSTEM",25,25,Y,3,1
10532701,"ADVENTHEALTH ALTAMONTE SPRINGS",393,393,Y,2,1
10535653,"RUSSELLVILLE HOSPITAL",100,100,Y,2,1
10537601,"JOHNSON CITY SPECIALTY HOSPITAL",23,23,N,1,1
10539667,"WALTHALL GENERAL HOSPITAL",25,25,Y,5,1
10542718,"TAYLOR REGIONAL HOSPITAL",90,90,Y,2,1
10543130,"FAIRFIELD MEDICAL CENTER",245,245,Y,2,1
10546761,"PARKVIEW LAGRANGE HOSPITAL",25,25,Y,2,4
1054724,"MAYO CLINIC HEALTH SYSTEM - CHIPPEWA VALLEY",25,25,Y,2,4
10548322,"HENRY FORD WEST BLOOMFIELD HOSPITAL",191,191,N,2,1
10550273,"MADISON COUNTY HEALTH CARE SYSTEM",25,25,Y,5,4
1055440,"PARK NICOLLET METHODIST HOSPITAL",426,426,Y,1,1
10554552,"MARSHFIELD MEDICAL CENTER - PARK FALLS",25,25,Y,0,4
10555731,"ELY BLOOMENSON COMM HOSPITAL",21,21,Y,1,4
105568506,"BRYAN MEDICAL CENTER",374,374,Y,1,1
10560451,"SILVER CROSS HOSPITAL AND MEDICAL CENTERS",348,348,Y,2,1
10564085,"RAY COUNTY MEMORIAL HOSPITAL",34,34,Y,5,4
10566212,"CHILDREN'S MERCY HOSPITAL KANSAS",52,52,Y,1,3
105668124,"ALEGENT HEALTH",396,396,Y,1,1
10570112,"LSU MEDICAL CENTER",NULL,NULL,N,2,1
1057201,"PRAIRIE LAKES HOSPITAL",81,81,Y,2,1
10574020,"CLEVELAND AREA HOSPITAL",14,14,Y,3,4
10579201,"CHILDRESS REGIONAL MEDICAL CENTER",39,39,Y,2,3
10581625,"THE MEMORIAL HOSPITAL",25,25,Y,5,4
10585364,"YUMA REHABILITATION HOSPITAL - AN AFFILIATION OF ENCOMPASS HEALTH AND YRMC",51,51,N,1,5
105868526,"NEBRASKA HEART HOSPITAL",63,63,Y,1,1
1058852,"TIOGA MEDICAL CENTER",25,25,Y,2,4
1059047,"LIVINGSTON HEALTHCARE",25,25,Y,2,1
105968510,"CATHOLIC HEALTH INITIATIVES",258,258,Y,2,1
10598272,"EVERGREENHEALTH MONROE",31,31,Y,3,1
1060035,"NORTHSHORE UNIVERSITY HEALTHSYSTEM",139,139,N,2,1
10602129,"SPAULDING REHABILITATION HOSPITAL",264,264,N,2,5
1060608,"MT. SINAI HOSPITAL MEDICAL CENTER",288,288,N,2,1
106068803,"CATHOLIC HEALTH INITIATIVES",155,155,Y,2,1
10608820,"ANTHONY M YELENCSICS COMMUNITY",NULL,NULL,N,2,1
10610468,"JAMES J. PETERS DEPARTMENT OF VETERANS AFFAIRS MEDICAL CENTER",311,311,N,6,7
10613613,"MASSENA HOSPITAL",25,25,Y,2,1
106168123,"BELLEVUE MEDICAL CENTER, LLC",91,91,Y,1,1
10619034,"BROOKE GLEN BEHAVIORAL HOSPITAL",146,146,N,1,2
106268502,"BRYAN MEDICAL CENTER",266,266,Y,1,1
10628713,"SWAIN COMMUNITY HOSPITAL",48,48,Y,2,4
10629506,"MUSC HEALTH FLORENCE REHABILITATION CENTER",66,66,N,3,5
10635055,"SANCTUARY AT THE WOODLANDS, THE",40,40,N,1,2
106368130,"ALEGENT HEALTH",157,157,Y,1,1
10639111,"MAGEE GENERAL HOSPITAL",44,44,Y,2,1
10640207,"THE BROOK HOSPITAL - DUPONT",88,88,N,1,2
10645405,"GRANDVIEW HOSPITAL",289,289,N,2,1
10646755,"PARKVIEW NOBLE HOSPITAL",31,31,Y,2,1
106468046,"ALEGENT HEALTH",58,58,Y,1,1
106511,"YALE-NEW HAVEN HOSPITAL SAINT RAPHAEL CAMPUS",511,511,Y,2,1
10653105,"AURORA MEDICAL CENTER BURLINGTON",123,123,Y,2,1
10656751,"LIFECARE MEDICAL CENTER",25,25,Y,1,4
106568123,"MADONNA REHABILITATION SPECIALTY HOSPITAL",32,32,Y,1,6
10660123,"PRESENCE CENTRAL AND SUBURBAN HOSPITALS NETWORK",184,184,Y,2,1
10663368,"PROGRESS WEST HOSPITAL",76,76,Y,2,1
10666221,"HEARTLAND SURGICAL SPEC HOSPITAL",48,48,N,1,1
106668434,"MEMORIAL HEALTH CARE SYSTEMS",24,24,Y,2,4
1066901,"CLOUD COUNTY HEALTH CENTER",25,25,Y,5,4
10671282,"MADISON PARISH HOSPITAL",25,25,Y,2,1
10674859,"CREEK NATION COMMUNITY HOSPITAL",24,24,Y,2,4
106769154,"REGIONAL WEST GARDEN COUNTY",10,10,Y,5,4
10679225,"CHILLICOTHE HOSPITAL",21,21,N,3,4
10685132,"FLORENCE HOSPITAL",36,36,Y,0,1
106868502,"SELECT SPECIALTY HOSPITAL - LINCOLN, INC",24,24,Y,1,6
1068818,"MEMORIAL COMMUNITY HEALTH, INC",12,12,Y,1,4
106968847,"GOOD SAMARITAN HOSPITAL",61,61,N,2,2
10698372,"MULTICARE GOOD SAMARITAN HOSPITAL",361,361,Y,2,1
10702559,"CAPE COD AND ISLANDS COMMUNITY MENTAL HEALTH CENTER",10,10,N,4,2
10708050,"SOUTHERN OCEAN MEDICAL CENTER",156,156,Y,1,1
10710010,"MARGARET COCHRAN CORBIN VA CAMPUS",NULL,NULL,N,6,7
1071322,"BUNKIE GENERAL HOSPITAL",20,20,Y,3,1
10713676,"CANTON - POTSDAM HOSPITAL",94,94,N,2,1
107168845,"KEARNEY REGIONAL MEDICAL CENTER, LLC",93,93,Y,1,1
10718711,"GEISINGER WYOMING VALLEY MEDICAL CENTER",310,310,Y,2,1
10723901,"CENTRA SOUTHSIDE COMMUNITY HOSPITAL",116,116,Y,2,1
1072632,"EUREKA SPRINGS HOSPITAL COMMISSION",15,15,Y,1,4
10728752,"MISSION HOSPITAL MCDOWELL",65,65,Y,2,1
10729212,"PRISMA HEALTH BAPTIST PARKRIDGE",76,76,Y,2,1
10730453,"OPTIM MEDICAL CENTER - TATTNALL",25,25,Y,1,4
10735007,"SHELBY BAPTIST MEDICAL CENTER",252,252,Y,1,1
107368848,"GOOD SAMARITAN HOSPITAL",174,174,Y,2,1
10737167,"TRISTAR STONECREST MEDICAL CENTER",115,115,Y,1,1
10738738,"MEDICAL/DENTAL FACILITY AT PARCHMAN",56,56,N,4,1
10740242,"THE BROOK HOSPITAL - KMI",98,98,N,1,2
10743210,"THE OHIO STATE UNIVERSITY HOSPITALS",1142,1142,Y,4,1
1074464,"CHEROKEE NATION W. W. HASTINGS HOSPITAL",NULL,NULL,Y,6,4
1074631,"STILLWATER MEDICAL - BLACKWELL",25,25,Y,1,1
10746805,"PARKVIEW REGIONAL MEDICAL CENTER",725,725,Y,2,1
10748382,"HURON VALLEY - SINAI HOSPITAL",158,158,Y,1,1
10750138,"DEPARTMENT OF VETERANS AFFAIRS MEDICAL CENTER",NULL,NULL,N,6,7
10753403,"ASCENSION ALL SAINTS HOSPITAL",239,239,N,2,1
10756278,"ORTONVILLE AREA HEALTH SERVICE",25,25,Y,5,4
107568769,"ALEGENT CREIGHTON HEALTH",15,15,Y,1,4
10760068,"LUTHERAN GENERAL HOSPITAL - ADVOCATE",651,651,Y,2,1
107603766,"MARY HITCHCOCK MEMORIAL HOSPITAL",396,396,Y,2,1
10763638,"SOUTHEASTHEALTH CENTER OF REYNOLDS COUNTY",NULL,NULL,Y,1,1
10766211,"MIDAMERICA REHABILITATION HOSPITAL",98,98,N,1,5
107663,"KESSLER INSTITUTE FOR REHABILITATION, INC NORTH FACILITY",112,112,N,1,5
107703062,"NORTHEAST REHAB. HOSP. AT SNHMC - WEST",20,20,N,1,5
10770586,"MERCY REGIONAL MEDICAL CENTER",50,50,Y,1,1
10773933,"CIMARRON MEMORIAL HOSPITAL",25,25,N,5,4
107807962,"ATLANTIC REHABILITATION INSTITUTE",38,38,N,2,5
10785255,"SCOTTSDALE LIBERTY HOSPITAL",12,12,N,0,1
107907002,"CAREPOINT HEALTH - BAYONNE MEDICAL CENTER",244,244,N,1,1
1079119,"NORTHWEST TEXAS SURGERY CENTER",4,4,N,1,1
10795062,"DOMINICAN HOSPITAL-SANTA CRUZ/FREDERICK",57,57,N,2,1
10798122,"SWEDISH MEDICAL CENTER - CHERRY HILL CAMPUS",246,246,N,2,1
108,"UPMC SHADYSIDE-ER",520,520,Y,2,1
108007306,"CAREPOINT HEALTH - CHRIST HOSPITAL",349,349,N,1,1
1080122,"CENTURA HEALTH - LITTLETON ADVENTIST HOSPITAL",231,231,Y,2,1
10802302,"ENCOMPASS HEALTH BRAINTREE HOSPITAL OF BRAINTREE",187,187,N,1,5
10808046,"VIRTUA WILLINGBORO HOSPITAL",169,169,Y,2,1
108108901,"CHILDREN'S SPECIALIZED HOSPITAL",68,68,Y,1,3
10811768,"NORTHPORT VA MEDICAL CENTER",63,63,Y,6,7
10813690,"CLIFTON - FINE HOSPITAL",20,20,N,2,4
10815136,"HERITAGE VALLEY KENNEDY",96,96,Y,2,1
1082001,"MEMORIAL HOSPITAL OF LARAMIE COUNTY DBA CHEYENNE REGIONAL MEDICAL CENTER",229,229,Y,3,1
108207009,"ESSEX COUNTY HOSPITAL CENTER",180,180,N,5,2
10823223,"BON SECOURS RICHMOND COMMUNITY HOSPITAL",104,104,N,2,1
10827959,"THE OUTER BANKS HOSPITAL, INC",21,21,Y,2,4
10829720,"REBOUND BEHAVIORAL HEALTH",63,63,N,1,2
108307724,"ENCOMPASS HEALTH REHABILITATION HOSPITAL OF TINTON FALLS",60,60,N,1,5
10831750,"DORMINY MEDICAL CENTER",75,75,Y,3,1
10832703,"ADVENTHEALTH APOPKA",120,120,Y,2,1
10836340,"WIREGRASS MEDICAL CENTER",83,83,Y,3,1
1083706,"SAINT ALPHONSUS REGIONAL MEDICAL CENTER",362,362,Y,2,1
10838701,"DELTA REGIONAL MEDICAL CENTER",227,227,Y,5,1
10840330,"THE JAMES B HAGGIN MEMORIAL HOSPITAL",25,25,Y,2,4
108408096,"INSPIRA MEDICAL CENTER WOODBURY",311,311,N,2,1
10845428,"DAYTON VA MEDICAL CENTER",460,460,Y,6,7
10846725,"PARKVIEW WHITLEY HOSPITAL",30,30,N,2,1
1084721,"CEDAR CITY HOSPITAL",48,48,Y,2,1
10848075,"SURGEONS CHOICE MEDICAL CENTER",45,45,Y,1,8
108508046,"ACUITY SPECIALTY HOSPITAL OF SOUTHERN NEW JERSEY",69,69,N,1,6
10850849,"ADAIR COUNTY MEMORIAL HOSPITAL",25,25,Y,5,4
1085251,"BANNER BEHAVIORAL HEALTH HOSPITAL",156,156,N,2,2
10853405,"ASCENSION ALL SAINTS HOSPITAL",314,314,Y,2,1
10860657,"PRESENCE CHICAGO HOSPITALS NETWORK",338,338,N,2,1
108608701,"MONMOUTH MEDICAL CENTER - SOUTHERN CAMPUS",241,241,N,1,1
10863935,"SOUTHEASTHEALTH CENTER OF RIPLEY COUNTY",21,21,N,1,1
10866209,"MENORAH MEDICAL CENTER",190,190,Y,1,6
108708876,"ROBERT WOOD JOHNSON UNIVERSITY HOSPITAL SOMERSET",353,353,Y,1,1
10871055,"MINDEN MEDICAL CENTER",161,161,N,1,1
1087114,"LOVELACE WESTSIDE HOSPITAL",86,86,Y,1,1
10874637,"FAIRFAX COMMUNITY HOSPITAL",15,15,Y,2,4
10876033,"TEXAS HEALTH HARRIS METHODIST HOSPITAL CLEBURNE",137,137,Y,2,1
108808701,"SPECIALTY HOSPITAL OF CENTRAL JERSEY",50,50,N,1,6
108908401,"ACUITY SPECIALTY HOSPITAL OF NEW JERSEY",30,30,Y,1,8
1089103,"DESERT WINDS HOSPITAL",154,154,N,1,2
10895065,"DOMINICAN HOSPITAL",222,222,Y,2,1
10898405,"MULTICARE TACOMA GENERAL HOSPITAL",385,385,Y,2,1
109,"UPMC PASSAVANT-CRANBERRY-ER",35,35,Y,2,1
109008068,"ASPEN HILLS HEALTHCARE CENTER",30,30,N,1,2
10902167,"BOURNEWOOD HOSPITAL",170,170,N,1,2
109107675,"CARE ONE AT HUMC PASCACK VALLEY",25,25,Y,1,8
10912866,"SARATOGA HOSPITAL",171,171,Y,2,1
10913210,"SYRACUSE VA MEDICAL CENTER",106,106,N,6,7
10919047,"FOREST HEALTH MEDICAL CENTER OF BUCKS COUNTY",47,47,N,1,1
109207207,"CARE ONE AT TRINITAS REGIONAL MEDICAL CENTER",25,25,N,1,8
10923220,"CHILDREN'S HOSPITAL OF RICHMOND AT VCU (BROOK ROAD)",36,36,N,2,3
10927360,"NOVANT HEALTH THOMASVILLE MEDICAL CENTER",146,146,N,2,1
10929601,"REGENCY HOSPITAL OF GREENVILLE",32,32,N,1,6
10930458,"EAST GEORGIA REGIONAL MEDICAL CENTER",149,149,Y,1,1
109307030,"CAREPOINT HEALTH - HOBOKEN UNIVERSITY MEDICAL CENTER",333,333,N,1,1
10934637,"ADVENTHEALTH CONNERTON",77,77,N,2,6
10935661,"SHOALS HOSPITAL",198,198,Y,1,1
10938701,"DELTA REGIONAL MEDICAL CENTER - WEST CAMPUS",98,98,N,5,1
109408502,"EAST MOUNTAIN HOSPITAL",16,16,N,2,2
10942101,"THE MEDICAL CENTER AT BOWLING GREEN",337,337,Y,2,1
1094704,"ALTA BATES SUMMIT MEDICAL CENTER - HERRICK CAMPUS",69,69,N,2,1
10948075,"ASCENSION PROVIDENCE HOSPITAL",359,359,Y,2,1
10950138,"KNOXVILLE HOSPITAL AND CLINICS",25,25,Y,2,4
109507675,"PASCACK VALLEY MEDICAL CENTER, HACKENSACK MERIDIAN HEALTH",128,128,Y,1,1
10953185,"LAKEVIEW SPECIALTY HOSPITAL AND REHAB CENTER",39,39,N,1,6
10956136,"HENDRICKS COMMUNITY HOSPITAL",24,24,N,1,4
109608360,"ENCOMPASS HEALTH REHABILITATION HOSPITAL OF VINELAND",30,30,N,1,5
10961104,"SWEDISH AMERICAN HOSPITAL",373,373,Y,2,1
10965351,"I-70 COMMUNITY HOSPITAL",15,15,Y,1,4
10966215,"OVERLAND PARK REGIONAL MEDICAL CENTER",351,351,Y,1,6
1096826,"KAPIOLANI MEDICAL CENTER FOR WOMEN AND CHILDREN",253,253,N,2,3
10969162,"CHEYENNE COUNTY HOSPITAL ASSOCIATION, INC",25,25,Y,5,4
109707094,"HUDSON COUNTY MEADOWVIEW PSYCHIATRIC HOSPITAL",174,174,N,5,2
10973737,"FAIRVIEW REGIONAL MEDICAL CENTER AUTHORITY",25,25,Y,3,4
10977328,"TEXAS RURAL HOSPITALS",12,12,N,1,1
109808012,"NORTHBROOK BEHAVIORAL HEALTH HOSPITAL",158,158,N,1,2
1098312,"NAVAL HOSPITAL BREMERTON",40,40,Y,6,7
109908818,"JFK JOHNSON REHABILITATION INSTITUTE",94,94,N,1,5
1099508,"PROVIDENCE ALASKA MEDICAL CENTER",401,401,Y,2,1
10998022,"FRANCISCAN HEALTH ST. ELIZABETH HOSPITAL",28,28,Y,2,4
11,"NAVAL HOSPITAL BEAUFORT",NULL,NULL,N,6,7
110,"UPMC EAST",155,155,Y,2,1
110007055,"ST MARY'S GENERAL HOSPITAL",293,293,N,1,1
11002138,"SPAULDING HOSPITAL FOR CONTINUING MED CARE - CAMB",180,180,N,2,5
1100623,"HOSPITAL PSIQUIATRICO METROPOLITANO CABO ROJO",43,43,N,1,2
11008240,"ATLANTICARE REGIONAL MEDICAL CENTER - MAINLAND CAMPUS",349,349,Y,1,1
11011209,"BROOKLYN VA MEDICAL CENTER",171,171,N,6,7
11012304,"ELLIS HEALTH CENTER",NULL,NULL,N,2,1
11019301,"PAOLI HOSPITAL",231,231,Y,2,1
110207042,"HACKENSACK-UMC MOUNTAINSIDE",347,347,N,1,1
1102118,"BOSTON MED CTR CORP MENINO PAVILION",414,414,Y,2,1
11023225,"CJW MEDICAL CENTER",853,853,Y,1,1
11028712,"TRANSYLVANIA REGIONAL HOSPITAL",82,82,N,0,4
11029303,"SPARTANBURG REHABILITATION INSTITUTE",40,40,N,1,5
110308534,"CAPITAL HEALTH MEDICAL CENTER - HOPEWELL",221,221,N,1,1
11036301,"SOUTHEAST HEALTH MEDICAL CENTER",420,420,Y,3,1
11038237,"WEST TENNESSEE HEALTHCARE VOLUNTEER HOSPITAL",100,100,Y,1,1
1103833,"EXETER HOSPITAL INC",100,100,Y,2,1
11039367,"WAYNE GENERAL HOSPITAL",49,49,Y,5,1
1104073,"HENRIETTA D GOODALL HOSPITAL",49,49,Y,2,1
110408244,"SHORE MEDICAL CENTER",203,203,Y,1,1
11042134,"THE MEDICAL CENTER AT FRANKLIN",25,25,Y,2,4
11043920,"EAST LIVERPOOL CITY HOSPITAL",130,130,Y,2,1
11047150,"PHYSICIANS' MEDICAL CENTER LLC",10,10,N,1,8
11048071,"ASCENSION MACOMB OAKLAND HOSP - MADISON HGHTS CAMPUS",133,133,N,2,1
110508536,"PENN MEDICINE PRINCETON MEDICAL CENTER",435,435,N,1,1
11051502,"CHI HEALTH MERCY COUNCIL BLUFFS",278,278,Y,2,1
11053581,"RICHLAND HOSPITAL",25,25,Y,2,4
11056058,"RIDGEVIEW LESUEUR LTCANDREHAB CT",15,15,Y,1,4
1105753,"PORTER HOSPITAL",25,25,N,2,4
11060540,"EDWARD HOSPITAL",359,359,Y,2,1
1106066,"ROCKVILLE GENERAL HOSPITAL",102,102,Y,2,1
11065340,"FITZGIBBON HOSPITAL",60,60,Y,2,1
11066213,"SAINT LUKE'S SOUTH HOSPITAL",158,158,Y,1,6
1107018,"EAST ORANGE VA MEDICAL CENTER",439,439,N,6,7
11074030,"DRUMRIGHT REGIONAL HOSPITAL",15,15,Y,1,4
11077327,"CLEVELAND EMERGENCY HOSPITAL",4,4,N,1,1
11090806,"MEMORIALCARE MILLER CHILDREN'S AND WOMEN'S HOSPITAL LONG BEACH",357,357,Y,2,3
11098112,"KAISER PERMANENTE - CENTRAL CAMPUS",44,44,N,1,1
110987106,"LOVELACE UNM OUTPATIENT REHABILITATION",62,62,N,4,3
11102021,"PAPPAS REHAB HOSPITAL FOR CHILDREN",121,121,N,4,3
11108629,"ST FRANCIS MEDICAL CENTER",238,238,N,1,1
11112308,"SUNNYVIEW HOSPITAL AND REHABILITATION CENTER",115,115,N,2,5
11119107,"PENNSYLVANIA HOSP OF THE UNIV OF PA HEALTH SYS",501,501,N,2,1
11123220,"HENRICO DOCTOR'S HOSPITAL - RETREAT",226,226,N,1,1
11127514,"UNIVERSITY OF NORTH CAROLINA HOSPITALS",923,923,Y,4,1
111287505,"CHRISTUS ST VINCENT REGIONAL MEDICAL CENTER",200,200,N,2,1
11133614,"ADVENTHEALTH CARROLLWOOD",103,103,N,2,1
11136608,"SPRINGHILL MEMORIAL HOSPITAL",263,263,Y,1,1
11138583,"SAINT THOMAS HIGHLANDS HOSPITAL, LLC",60,60,Y,2,1
11142164,"THE MEDICAL CENTER AT SCOTTSVILLE",25,25,N,2,4
11143506,"COMMUNITY HOSPITALS AND WELLNESS CENTERS - BRYAN",98,98,Y,2,1
11146307,"PINNACLE HOSPITAL",18,18,N,1,1
1114701,"UPMC CHAUTAUQUA AT WCA",287,287,Y,2,1
11148341,"SELECT SPECIALTY HOSPITAL - PONTIAC",30,30,Y,1,1
111487106,"UNM AHF PRIMARY CARE CLINIC",47,47,N,4,2
11153511,"BELOIT MEMORIAL HOSPITAL",256,256,Y,2,1
111587144,"UNM SANDOVAL REGIONAL MEDICAL CENTER",60,60,Y,4,1
11161108,"SAINT ANTHONY MEDICAL CENTER",241,241,Y,0,1
11163301,"SELECT SPECIALTY HOSPITAL - ST. LOUIS",33,33,N,1,6
11166071,"MIAMI COUNTY MEDICAL CENTER",39,39,Y,5,6
11171201,"MONROE SURGICAL HOSPITAL",10,10,N,1,1
11174848,"HOLDENVILLE GENERAL HOSPITAL",25,25,Y,5,4
11176634,"GOODALL - WITCHER HOSPITAL",25,25,Y,2,4
1117822,"SELECT SPECIALTY HOSPITAL - DANVILLE INC",30,30,Y,1,6
111889109,"DESERT PARKWAY BEHAVIORAL HEALTHCARE HOSPITAL LLC",152,152,N,1,2
11190023,"EAST LOS ANGELES DOCTORS HOSPITAL",102,102,N,1,1
11198166,"HIGHLINE COMMUNITY HOSPITAL",124,124,Y,2,1
111989102,"ENCOMPASS HEALTH REHABILITATION HOSPITAL OF LAS VEGAS",79,79,N,1,5
11202747,"SOUTHCOAST BEHAVIORAL HEALTH",16,16,N,1,2
11208690,"ROBERT WOOD JOHNSON UNIVERSITY HOSPITAL - HAMILTON",248,248,N,1,1
11211425,"ST. ALBANS COMMUNITY LIVING CENTER",386,386,N,6,7
11212043,"COBLESKILL REGIONAL HOSPITAL",25,25,N,2,4
11219464,"POTTSTOWN HOSPITAL",219,219,Y,2,1
112208,"ST. PETER'S HOSPITAL",442,442,N,2,1
11228690,"CAROLINAS HEALTHCARE SYSTEM BLUE RIDGE - VALDESE",131,131,Y,2,1
11231021,"FAIRVIEW PARK HOSPITAL",190,190,Y,1,1
11235121,"ST. VINCENT'S BLOUNT",40,40,Y,2,4
11237030,"RIVERVIEW REGIONAL MEDICAL CENTER",35,35,N,1,1
11239631,"FIELD MEMORIAL COMMUNITY HOSPITAL",25,25,N,5,1
11241230,"THREE RIVERS MEDICAL CENTER",90,90,Y,1,1
11244146,"UHHS - BEDFORD MEDICAL CENTER",88,88,Y,2,1
11246383,"NORTHWEST HEALTH - PORTER",301,301,Y,1,1
11249455,"MERCY HEALTH LAKESHORE CAMPUS",24,24,Y,2,4
11252577,"MAHASKA HEALTH PARTNERSHIP",33,33,Y,5,4
11253534,"EDGERTON HOSPITAL AND HEALTH SERVICES",16,16,Y,2,4
11256762,"NORTH VALLEY HEALTH CENTER",20,20,N,2,1
1125801,"BECKLEY ARH HOSPITAL",173,173,Y,2,1
11261354,"ST MARGARET'S HEALTH - PERU",49,49,Y,0,1
11263301,"SSM HEALTH ST. JOSEPH HOSPITAL - ST. CH",329,329,Y,2,1
11266212,"KPC PROMISE HOSPITAL OF OVERLAND PARK",100,100,N,1,6
11271457,"NATCHITOCHES REGIONAL MEDICAL CENTER",96,96,Y,3,1
11274048,"ASCENSION ST. JOHN NOWATA",25,25,N,2,4
11276834,"COLEMAN COUNTY MEDICAL CENTER COMPANY",25,25,N,1,4
1128401,"NEW HANOVER REGIONAL MEDICAL CENTER",800,800,Y,5,1
11291740,"GLENDORA HOSPITAL",63,63,N,1,2
1129203,"MUSC HEALTH COLUMBIA MEDICAL CENTER - NORTHEAST",74,74,Y,1,1
11298125,"KINDRED HOSPITAL SEATTLE - NORTHGATE",80,80,N,1,1
113,"UPMC HORIZON-SHENANGO VALLEY-ER",28,28,Y,0,1
11302026,"HEBREW REHABILITATION CTR AT DEDHAM",220,220,N,2,5
1130306,"HILLSIDE HOSPITAL",81,81,N,2,2
11308037,"WILLIAM B KESSLER MEMORIAL HOSPITAL",130,130,N,2,1
113089128,"MOUNTAINVIEW HOSPITAL",425,425,Y,0,1
11312309,"ELLIS HOSPITAL - BELLEVUE WOMAN'S CARE CENTER DIVISION",55,55,N,2,9
11315213,"UPMC PRESBYTERIAN SHADYSIDE",1504,1504,Y,2,1
1132501,"BAPTIST HOSPITAL",492,492,Y,2,1
11327620,WAKEMED,726,726,Y,2,1
113289434,"TAHOE PACIFIC HOSPITALS-NORTH",21,21,Y,0,6
11336201,"STRINGFELLOW MEMORIAL HOSPITAL",125,125,N,1,1
11337620,"BRISTOL REGIONAL MEDICAL CENTER",312,312,Y,2,1
11339339,"DIAMOND GROVE CENTER",25,25,N,1,2
11342211,"TRIGG COUNTY HOSPITAL",25,25,Y,2,4
11344310,"SUMMA HEALTH SYSTEM ST. THOMAS HOSPITAL",83,83,N,2,1
11346383,"PORTER - STARKE SERVICES INC",16,16,N,1,2
11348661,"MIDMICHIGAN MEDICAL CENTER - WEST BRANCH",88,88,Y,5,1
11352353,"WASHINGTON COUNTY HOSPITAL AND CLINICS",25,25,Y,5,4
11353548,"MERCY HEALTH SYSTEM CORP",240,240,Y,2,1
1135601,"DECATUR MORGAN WEST",64,64,N,1,2
11356232,"JOHNSON MEMORIAL HOSP AND HOME",15,15,N,3,4
113589429,"SILVER SPRINGS RURAL HEALTH CENTERS",NULL,NULL,N,0,1
11361103,"MERCYHEALTH JAVON BEA HOSPITAL - ROCKTON AVENUE CAMPUS",91,91,Y,0,1
11363801,"MISSOURI DELTA MEDICAL CENTER",125,125,Y,2,1
11367357,"LABETTE HEALTH",99,99,Y,1,6
113689832,"PUBLIC HEALTH SERV INDIAN HOSP",NULL,NULL,Y,0,4
11371082,"NORTH CADDO MEDICAL CENTER",25,25,Y,3,1
11373834,"HARPER COUNTY COMMUNITY HOSPITAL",25,25,N,5,4
1137643,"SYCAMORE SHOALS HOSPITAL",121,121,N,2,1
11377842,"CHI ST JOSEPH HEALTH - COLLEGE STATION HOSPITAL",147,147,Y,2,1
113789423,"MINDEN FAMILY MEDICINE AND COMPLETE CARE",NULL,NULL,N,0,1
113912204,"SAMARITAN HOSPITAL - ALBANY MEMORIAL CAMPUS",165,165,N,2,1
1139211,"SELECT SPECIALTY HOSPITAL JACKSON",53,53,N,1,6
11396118,"EASTERN PLUMAS HOSPITAL-LOYALTON CAMPUS",39,39,N,3,1
11398506,"PROVIDENCE ST. PETER HOSPITAL",339,339,Y,2,1
114,"SPRINGFIELD HOSPITAL",25,25,N,2,1
114010016,"BELLEVUE HOSPITAL CENTER",912,912,N,5,1
11402720,"DR JOHN C CORRIGAN MENTAL HEALTH CENTER",16,16,N,4,2
11414865,"SCHUYLER HOSPITAL",25,25,Y,2,4
11419131,"BELMONT BEHAVIORAL HOSPITAL, LLC",180,180,N,1,2
114210457,"BRONXCARE HOSPITAL CENTER",415,415,N,2,1
11423298,"VCU HEALTH SYSTEM - WEST",779,779,Y,3,1
1142749,"THE MEDICAL CENTER AT CAVERNA",25,25,Y,2,4
11427511,"WAKEMED CARY HOSPITAL",208,208,Y,2,1
114312308,"ELLIS HOSPITAL",368,368,N,2,1
11434747,"ADVENTHEALTH CELEBRATION",317,317,Y,2,1
11435404,"TAYLOR HARDIN SECURE MEDICAL FACILITY",114,114,N,1,2
11437660,"REHABILITATION HOSPITAL OF KINGSPORT - A JOINT VENTURE OF BALLAD",50,50,Y,1,5
11442754,"OWENSBORO HEALTH TWIN LAKES MEDICAL CENTER",75,75,Y,2,1
11443219,"CHALMERS P. WYLIE VA AMBULATORY CARE CENTER",NULL,NULL,N,6,7
11444883,"MERCY HEALTH TIFFIN HOSPITAL",120,120,Y,2,1
11446996,"PULASKI MEMORIAL HOSPITAL",24,24,N,2,4
11449953,"ASPIRUS ONTONAGON HOSPITAL, INC",18,18,N,2,1
11450801,"GREATER REGIONAL MEDICAL CENTER",25,25,Y,5,4
114511542,"GLEN COVE HOSPITAL",243,243,N,2,1
1145242,"BETHESDA NORTH HOSPITAL",528,528,Y,2,1
11453546,"SSM HEALTH ST MARY'S HOSPITAL - JANESVILLE",50,50,Y,2,1
11456628,"BIGFORK VALLEY HOSPITAL",20,20,Y,3,4
11460160,"PIPELINE WESTLAKE HOSPITAL LLC DBA WESTLAKE COMMUNITY HOSPITAL",181,181,N,1,1
114611203,"KINGSBROOK JEWISH MEDICAL CENTER",120,120,N,2,2
1146321,"COMMUNITY HOSPITAL",451,451,Y,2,1
11463555,"SCOTLAND COUNTY HOSPITAL",25,25,Y,3,4
11467661,"PHILLIPS COUNTY HEALTH SYSTEMS",25,25,N,5,4
11470403,"NORTH OAKS MEDICAL CENTER, LLC",330,330,Y,3,1
114710011,"LENOX HEALTH GREENWICH VILLAGE",2,2,N,2,1
11479512,"MITCHELL COUNTY HOSPITAL",25,25,Y,5,4
114811040,"LONG ISLAND JEWISH MEDICAL CENTER",1015,1015,N,2,1
1148827,"EATON RAPIDS MEDICAL CENTER",20,20,Y,2,1
11496122,"EASTERN PLUMAS HOSPITAL - PORTOLA CAMPUS",9,9,N,3,4
11498499,"FRANCISCAN HEALTH ST. CLARE HOSPITAL",103,103,N,2,1
115,"TAYLOR HOSPITAL",213,213,N,0,1
115014127,"MERCY HOSPITAL - MERCY HOSPITAL ORCHARD PARK DIVISION",2,2,N,2,1
11502035,"NORCAP LODGE",43,43,N,2,2
11508210,"CAPE REGIONAL MEDICAL CENTER, INC",242,242,Y,1,1
115113501,"MOHAWK VALLEY HEART INSTITUTE, INC",201,201,Y,2,8
1151201,"SANFORD SHELDON MEDICAL CENTER",25,25,Y,2,4
11517064,"PHILHAVEN HOSPITAL",118,118,N,2,2
115210550,"MONTEFIORE MOUNT VERNON HOSPITAL",121,121,N,2,1
11527962,"WASHINGTON REGIONAL MEDICAL CENTER",25,25,Y,5,4
115310802,"MONTEFIORE NEW ROCHELLE HOSPITAL",223,223,N,2,1
11532721,"ADVENTHEALTH DELAND",164,164,Y,2,1
11536532,"THOMAS HOSPITAL",176,176,N,2,1
11537660,"HOLSTON VALLEY MEDICAL CENTER",505,505,Y,2,1
11538965,"YALOBUSHA GENERAL HOSPITAL",26,26,Y,5,1
11540508,"UK HEALTHCARE GOOD SAMARITAN HOSPITAL",221,221,N,2,1
115411234,"MOUNT SINAI BROOKLYN",212,212,N,2,1
11545601,"VA MEDICAL CENTER - CHILLICOTHE",141,141,Y,6,7
11546135,"PUTNAM COUNTY HOSPITAL",25,25,Y,5,4
1154768,"ASPIRUS STANLEY HOSPITAL",24,24,Y,2,4
11549423,"HOLLAND COMMUNITY HOSPITAL",173,173,N,2,1
1155102,"ST. JOSEPH'S HOSPITAL",401,401,Y,1,1
115511102,"MOUNT SINAI HOSPITAL - MOUNT SINAI HOSPITAL OF QUEENS",228,228,N,2,1
11551534,"GLENWOOD STATE HOSPITAL SCHOOL",851,851,N,4,1
11554848,"MARSHFIELD MEDICAL CENTER - LADYSMITH",25,25,Y,5,4
11556178,"AVERA TYLER HOSPITAL",20,20,Y,1,4
11560190,"CENTRAL DUPAGE HOSPITAL",408,408,Y,2,1
115610034,"NEW YORK - PRESBYTERIAN HOSPITAL - ALLEN HOSPITAL",196,196,N,2,1
11563385,"SSM HEALTH ST. JOSEPH HOSPITAL - WENTZ",77,77,Y,2,1
11566762,"ASCENSION VIA CHRISTI HOSPITAL PITTSBURG INC",89,89,Y,1,6
11570403,"NORTH OAKS REHABILITATION HOSPITAL, LLC",27,27,N,3,5
115710605,"NEW YORK - PRESBYTERIAN WESTCHESTER BEHAVIORAL HEALTH CENTER",247,247,N,2,2
11573448,"MERCY HEALTH LOVE COUNTY",25,25,Y,2,4
1157730,"MONUMENT HEALTH CUSTER HOSPITAL",12,12,Y,2,4
11578934,"COLUMBUS COMMUNITY HOSPITAL",40,40,Y,2,1
1158784,"MOUNTRAIL COUNTY MEDICAL CENTER INC",11,11,Y,2,4
115910567,"NEWYORK - PRESBYTERIAN - HUDSON VALLEY HOSPITAL",128,128,N,2,1
11594546,"EDEN MEDICAL CENTER",130,130,Y,2,1
1159538,"PHILLIPS COUNTY HOSPITAL",6,6,N,2,4
11598003,"FRANCISCAN HEALTH ST. FRANCIS HOSPITAL",112,112,N,2,1
116,"METHODIST HOSPITAL-ER",204,204,N,0,1
1160016,"PRESENCE CHICAGO HOSPITALS NETWORK",188,188,Y,2,6
116014437,"NICHOLAS H. NOYES MEMORIAL HOSPITAL",67,67,Y,2,1
11601830,"WHITTIER PAVILION",10,10,N,1,2
11608401,"ATLANTICARE REGIONAL MEDICAL CENTER - CITY CAMPUS",244,244,Y,1,1
116112572,"NORTHERN DUTCHESS HOSPITAL",84,84,N,2,1
11614843,"ST. JAMES HOSPITAL",15,15,Y,2,1
11618951,"ST LUKE'S QUAKERTOWN HOSPITAL",62,62,N,2,1
116213211,"CROUSE HOSPITAL - COMMONWEALTH DIVISION",40,40,N,2,8
1162565,"HSHS GOOD SHEPHERD HOSPITAL, INC",30,30,Y,2,1
11628607,"WATAUGA MEDICAL CENTER, INC",117,117,Y,2,1
116313421,"ONEIDA HEALTH HOSPITAL",101,101,N,2,1
11631794,"TIFT REGIONAL MEDICAL CENTER",241,241,Y,3,1
1163501,"NORTHEAST REGIONAL MEDICAL CENTER",93,93,Y,1,1
11635125,"ST. VINCENT'S ST.CLAIR",40,40,Y,1,1
11637660,"INDIAN PATH COMMUNITY HOSPITAL",239,239,Y,2,1
11639194,"BAPTIST MEDICAL CENTER YAZOO",25,25,N,2,4
11640536,"UNIVERSITY OF KENTUCKY HOSPITAL",724,724,Y,2,1
11646312,"REGENCY HOSPITAL OF NORTHWEST INDIANA",61,61,N,1,6
11649735,"MUNSON HEALTHCARE OTSEGO MEMORIAL HOSPITAL",46,46,Y,2,1
116513126,"OSWEGO HOSPITAL - ALVIN L KRAKAU COMM MTL HEALTH CENTER DIV",32,32,N,2,2
11652531,"MONROE COUNTY HOSPITAL",25,25,Y,5,4
11656531,"PRAIRIE RIDGE HOSP HLTH SERV",20,20,N,2,1
11660429,"ADVOCATE SOUTHLAND HEALTH NETWORK",233,233,Y,2,1
116610021,"ROCKEFELLER UNIVERSITY HOSPITAL",40,40,N,2,1
11663367,"SSM HEALTH ST. JOSEPH HOSPITAL - LAKE",215,215,Y,2,1
11667665,"RUSSELL REGIONAL HOSPITAL",25,25,Y,1,4
1167042,"SUSAN B ALLEN MEMORIAL HOSPITAL",48,48,N,1,6
116710037,"HARLEM HOSPITAL CENTER",268,268,N,5,1
11671270,"NORTHERN LOUISIANA MEDICAL CENTER",130,130,N,2,1
11673044,"MERCY HOSPITAL LOGAN COUNTY, INC",25,25,Y,2,4
116810035,"HENRY J. CARTER SPECIALTY HOSPITAL",201,201,N,5,6
1168822,"JENNIE M MELHAM MEMORIAL MEDICAL CENTER, INC",23,23,Y,1,4
116910457,"SBH HEALTH SYSTEM",422,422,N,2,1
11692071,"EDGEMOOR GERIATRIC HOSPITAL",192,192,N,5,2
11698686,"LEGACY SALMON CREEK MEDICAL CENTER",208,208,Y,2,1
117,"LEHIGH VALLEY HOSPITAL-17TH ST",52,52,N,0,1
11701830,"WHITTIER REHABILITATION HOSPITAL - BRADFORD",60,60,N,1,5
11708638,"CAPITAL HEALTH REGIONAL MEDICAL CENTER",237,237,Y,1,1
117114810,"IRA DAVENPORT MEMORIAL HOSPITAL",35,35,Y,2,1
11711772,"LONG ISLAND COMMUNITY HOSPITAL",306,306,Y,2,1
1171301,"CHRISTUS CENTRAL LOUISIANA SURGICAL HOSPITAL",24,24,N,1,1
11716154,"EDGEWOOD SURGICAL HOSPITAL",10,10,N,1,1
117211777,"JOHN T MATHER MEMORIAL HOSPITAL OF PORT JEFFERSON NEW YORK INC",248,248,N,2,1
11723970,"VCU COMMUNITY MEMORIAL HOSPITAL",70,70,N,2,1
1172576,"FULTON COUNTY HOSPITAL",25,25,Y,5,4
11727533,"WAYNE UNC HEALTHCARE",316,316,Y,2,1
1173507,"LAWTON HOSPITAL",26,26,Y,6,4
11736081,"TROY REGIONAL MEDICAL CENTER",97,97,Y,3,1
11740202,"UNIVERSITY OF LOUISVILLE HOSPITAL",404,404,Y,2,1
117412010,"ST. MARY'S HEALTHCARE - AMSTERDAM MEMORIAL CAMPUS",10,10,Y,2,5
11745640,"HOLZER MEDICAL CENTER - JACKSON",25,25,Y,2,4
11746410,"REGIONAL MENTAL HEALTH CENTER",16,16,N,0,2
1174868,"ALLIANCEHEALTH SEMINOLE",32,32,Y,1,1
11749417,"NORTH OTTAWA COMMUNITY HEALTH SYSTEM",81,81,Y,2,1
117510021,"MEMORIAL HOSPITAL FOR CANCER AND ALLIED DISEASES",514,514,N,2,8
11752501,"OTTUMWA REGIONAL HEALTH CENTER",217,217,Y,1,1
11754016,"HUDSON HOSPITAL AND CLINIC",25,25,Y,2,4
11755404,"PHILLIPS EYE INSTITUTE",20,20,N,2,8
11760634,"COMMUNITY FIRST HEALTHCARE OF ILLINOIS, INC",296,296,N,2,1
117612084,"ST. PETER'S ADDICTION RECOVERY CENTER",40,40,N,2,5
11764724,"ELLETT MEMORIAL HOSPITAL",12,12,Y,3,4
11767124,"PRATT REGIONAL MEDICAL CENTER",35,35,Y,5,6
11770433,"PAM SPECIALTY HOSPITAL OF COVINGTON",58,58,N,1,6
117712180,"THE BURDETT CARE CENTER",15,15,N,2,9
11773104,"OKLAHOMA CITY VA MEDICAL CENTER",NULL,NULL,Y,6,7
11774462,"HASKELL REGIONAL HOSPITAL",25,25,N,1,4
1177515,"UTMB HEALTH ANGLETON DANBURY CAMPUS",25,25,Y,4,1
11776442,"COMANCHE COUNTY MEDICAL CENTER",25,25,Y,5,4
117814626,"THE UNITY HOSPITAL OF ROCHESTER",311,311,Y,2,1
117914611,"UNITY SPECIALTY HOSPITAL",73,73,N,2,2
11792270,"EISENHOWER MEDICAL CENTER",437,437,Y,2,1
11798411,"MULTICARE ALLENMORE HOSPITAL",66,66,N,2,1
118,"PENN STATE HEALTH ST. JOSEPH",204,204,Y,2,1
1180012,"THE MEDICAL CENTER OF AURORA",269,269,Y,1,1
118012601,"MID - HUDSON VALLEY DIVISION OF WESTCHESTER MEDICAL CENTER",243,243,Y,1,1
11801542,"VIBRA HOSP OF WSTN MASS - CNTRL CAMPU",47,47,N,1,6
118017,"GOOD SHEPHERD SPECIALTY HOSPITAL",32,32,N,2,6
118110461,"MONTEFIORE MED CENTER - JACK D WEILER HOSP OF A EINSTEIN COLLEGE DIV",421,421,N,2,1
11811968,"STONY BROOK SOUTHAMPTON HOSPITAL",124,124,N,4,1
11817055,"ENCOMPASS HEALTH REHABILITATION HOSPITAL OF MECHANICSBURG",75,75,N,1,5
118212901,"THE UNIVERSITY OF VERMONT HEALTH NETWORK - CHAMPLAIN VALLEY PHYSICIANS HOSPITAL",300,300,Y,2,1
11824592,"SENTARA HALIFAX REGIONAL HOSPITAL",192,192,N,2,1
1182520,"SAGEWEST HEALTH CARE - LANDER",89,89,Y,1,1
11828659,"WILKES MEDICAL CENTER",120,120,Y,3,1
11831768,"COLQUITT REGIONAL MEDICAL CENTER",99,99,Y,3,1
1183254,"BEAR LAKE MEMORIAL HOSPITAL",21,21,Y,5,4
11832822,"ADVENTHEALTH EAST ORLANDO",295,295,Y,2,1
11837075,"TRISTAR HENDERSONVILLE MEDICAL CENTER",159,159,Y,1,1
1184032,"HEBER VALLEY HOSPITAL",19,19,Y,2,4
118413838,"A.O. FOX MEMORIAL HOSPITAL - TRI - TOWN CAMPUS",67,67,N,2,1
11842633,"WAYNE COUNTY HOSPITAL",25,25,Y,2,4
11844501,"NORTHSIDE MEDICAL CENTER",398,398,Y,1,1
11846804,"REHABILITATION HOSPITAL OF FORT WAYNE GENERAL - PART OF LUTHERAN HEALTH NETWORK",36,36,N,1,5
11849464,"SPECTRUM HEALTH ZEELAND COMMUNITY HOSPITAL",55,55,Y,2,1
118510466,"MONTEFIORE MEDICAL CENTER - WAKEFIELD HOSPITAL",321,321,N,2,1
11851566,"MONTGOMERY COUNTY MEMORIAL HOSPITAL",25,25,Y,5,4
1185351,"BANNER BOSWELL MEDICAL CENTER",410,410,Y,2,1
11854017,"WESTFIELDS HOSPITAL AND CLINIC",25,25,Y,2,4
11856636,"DEER RIVER HEALTH CARE CENTER",20,20,Y,1,4
11860005,"NORTHWEST COMMUNITY HOSPITAL",509,509,Y,2,1
118610019,"MOUNT SINAI WEST",514,514,N,2,1
11863304,"CENTERPOINTE HOSPITAL",104,104,N,1,2
11867401,"SALINA REGIONAL HEALTH CENTER",374,374,Y,1,6
118710025,"MOUNT SINAI MORNINGSIDE",495,495,N,2,1
11871463,"OAKDALE COMMUNITY HOSPITAL",27,27,N,1,1
1187505,"CHRISTUS ST VINCENT PHYSICIANS MEDICAL CENTER",19,19,N,2,1
11877304,"HCA HOUSTON HEALTHCARE CONROE",328,328,Y,1,1
118810032,"NEW YORK - PRESBYTERIAN HOSPITAL - COLUMBIA PRESBYTERIAN CENTER",1022,1022,N,2,1
1189030,"NORTH VISTA HOSPITAL",177,177,N,1,1
118910021,"NEW YORK - PRESBYTERIAN HOSPITAL - NEW YORK WEILL CORNELL CENTER",744,744,N,2,1
11894040,"EL CAMINO HEALTH",275,275,N,2,1
11898332,"FRANCISCAN HEALTH ST. ANTHONY HOSPITAL",112,112,N,2,1
119,"TEMPLE UNIVERSITY-EPISCOPAL HOSP-ER",21,21,Y,4,1
119014020,"UNITED MEMORIAL MEDICAL CENTER NORTH STREET CAMPUS",111,111,N,2,1
11901854,"ENCOMPASS HEALTH REHAB HOSPITAL OF NE AT LOWELL",22,22,N,1,5
11908060,"VIRTUA MEMORIAL HOSPITAL OF BURLINGTON COUNTY",383,383,N,1,1
119111203,"UNIVERSITY HOSPITAL OF BROOKLYN",342,342,N,4,1
11911901,"STONY BROOK EASTERN LONG ISLAND HOSPITAL",70,70,Y,4,5
11917764,"THE BUCKTAIL MEDICAL CENTER",16,16,Y,2,1
11923320,"CHESAPEAKE REGIONAL MEDICAL CENTER",310,310,Y,2,1
11927893,"WILSON MEDICAL CENTER",294,294,Y,2,1
11930673,"WILLS MEMORIAL HOSPITAL",25,25,N,3,1
119310038,"NEW YORK - PRESBYTERIAN - LOWER MANHATTAN HOSPITAL",180,180,N,2,1
11932763,"ADVENTHEALTH FISH MEMORIAL",257,257,Y,2,1
11935233,"UNIVERSITY OF ALABAMA HOSPITAL",1157,1157,Y,4,1
11937203,"TRISTAR CENTENNIAL MEDICAL CENTER",741,741,Y,1,1
119410016,"NYU LANGONE HOSPITALS",844,844,N,2,1
11942003,"BAPTIST HEALTH PADUCAH",349,349,Y,2,1
11943040,"MEMORIAL HOSP. OF UNION COUNTY",99,99,Y,5,1
1194609,"ALTA BATES SUMMIT MEDICAL CENTER",403,403,N,2,1
11946254,"REHABILITATION HOSPITAL OF INDIANA INC",91,91,Y,2,5
11949779,"PROMEDICA CHARLES AND VIRGINIA HICKMAN HOSPITAL",58,58,N,1,1
11950213,"CLARKE COUNTY PUBLIC HOSPITAL",25,25,Y,5,4
119511201,"NYU LANGONE HEALTH - COBBLE HILL",NULL,NULL,N,2,1
11953959,"REEDSBURG AREA MEDICAL CENTER",25,25,Y,2,4
11956143,"SANFORD JACKSON MEDICAL CENTER",20,20,Y,1,4
11960007,"ALEXIAN BROTHERS MEDICAL CENTER",396,396,Y,2,1
119614420,"URMC STRONG WEST",NULL,NULL,N,2,1
11963376,"BARNES - JEWISH ST. PETERS HOSPITAL",102,102,Y,2,1
11967752,"GOVE COUNTY MEDICAL CENTER",21,21,N,5,4
1196777,"KAU HOSPITAL",21,21,N,4,4
11970815,"OCEANS BEHAVIORAL HOSPITAL OF BATON ROUGE",40,40,N,1,2
119710701,"SJRH - ST JOHNS DIVISION",225,225,N,2,1
1197330,"GOOD SAMARITAN REGIONAL MEDICAL CENTER",188,188,Y,2,1
11973573,"JEFFERSON COUNTY HOSPITAL",18,18,Y,3,4
11974401,"JACK C. MONTGOMERY DEPARTMENT OF VETERANS AFFAIRS MEDICAL CENTER",NULL,NULL,N,6,7
11976208,"CORNERSTONE SPECIALTY HOSPITALS CONROE",41,41,N,1,6
119810605,"WINIFRED MASTERSON BURKE REHABILITATION HOSPITAL",150,150,N,2,5
119914843,"ST JAMES MERCY HOSPITAL - MERCYCARE",NULL,NULL,N,2,1
1199362,"VETERANS AFFAIRS MEDICAL CENTER",102,102,N,6,7
11995032,"EL CAMINO HEALTH LOS GATOS",143,143,N,2,1
1199576,"KANAKANAK HOSPITAL",14,14,N,6,4
119963,"BAYHEALTH MILFORD MEMORIAL HOSPITAL",127,127,Y,2,1
11998027,"SWEDISH ISAQUAH",125,125,N,2,1
120,"CAMC - MEMORIAL HOSPITAL",NULL,NULL,Y,2,1
1200000,"FORREST CITY MEDICAL CENTER",118,118,Y,1,1
12001056,"ENCOMPASS HEALTH REHAB HOSPITAL OF WESTERN MASS",53,53,N,1,5
120010701,"ST. JOSEPH'S MEDICAL CENTER",191,191,N,2,1
1200680,"HOSP PEREA",103,103,N,1,1
120114222,"WOMEN AND CHILDREN'S HOSPITAL OF BUFFALO",200,200,Y,2,3
12016001,"VA BUTLER HEALTHCARE",56,56,N,6,7
12017055,"NEW LIFECARE HOSPITAL OF MECHANICSBURG",68,68,N,1,1
120210304,"STATEN ISLAND UNIV HOSP-CONCORD DIV",NULL,NULL,N,4,1
1202215,"BETH ISRAEL DEACONESS MED CTR - WEST",405,405,Y,2,1
1202915,"EMMA PENDLETON BRADLEY HOSPITAL",70,70,N,2,2
1203235,"CONCORD HOSPITAL - FRANKLIN",35,35,Y,2,1
12035502,"WALKER BAPTIST MEDICAL CENTER",267,267,Y,1,1
12037203,"WOMEN'S HOSPITAL",158,158,Y,1,9
1204005,"SOUTHERN MAINE HEALTH CARE",150,150,Y,2,1
12042240,"WESTERN STATE HOSPITAL",495,495,N,2,2
12043081,"MOUNT CARMEL ST. ANN'S",392,392,Y,2,1
12047374,"REID HEALTH",221,221,Y,2,1
12049677,"SPECTRUM HEALTH REED CITY HOSPITAL",25,25,Y,2,4
12050049,"LUCAS COUNTY HEALTH CENTER",25,25,Y,5,4
120511501,"NYU LANGONE HOSPITAL - LONG ISLAND",591,591,N,2,1
12053913,"SSM HEALTH ST CLARE HOSPITAL - BARABOO",100,100,Y,2,1
12055307,"RIDGEVIEW SIBLEY MEDICAL CTR",20,20,Y,1,4
1205701,"RUTLAND REGIONAL MEDICAL CENTER",123,123,Y,2,1
12061282,"GENESIS HEALTH SYSTEM",137,137,Y,2,1
120614701,"UPMC CHAUTAUQUA AT WCA",10,10,N,2,2
12067401,"SALINA SURGICAL HOSPITAL",18,18,Y,1,8
1206776,"NEW MILFORD HOSPITAL",85,85,N,2,1
1207112,"CHILDRENS HOSPITAL OF NEW JERSEY - NEWARK",NULL,NULL,N,2,3
120712946,"ADIRONDACK MEDICAL CENTER - LAKE PLACID SITE",NULL,NULL,Y,2,1
12071303,"OCEANS BEHAVIORAL HOSPITAL OF ALEXANDRIA",24,24,N,1,2
12072301,"WOODRIDGE BEHAVIORAL CENTER",54,54,N,1,2
12073460,"MERCY HOSPITAL TISHOMINGO",25,25,Y,2,4
12078465,"ATRIUM MEDICAL CENTER AT CORINTH",40,40,N,1,6
120794,"CLIFTON T PERKINS HOSPITAL CENTER",298,298,N,4,2
120812742,"GARNET HEALTH MEDICAL CENTER - CATSKILLS",154,154,Y,2,1
12092243,"EL CENTRO REGIONAL MEDICAL CENTER",161,161,Y,5,1
12098052,"GROUP HEALTH EASTSIDE HOSPITAL",NULL,NULL,N,1,1
121,"OVERLOOK MEDICAL CENTER",504,504,N,0,1
121013326,"MARY IMOGENE BASSETT HOSPITAL",180,180,N,2,1
12101904,"BAY RIDGE HOSP - SAT - BEVERLY HOSP",62,62,N,2,2
12107631,"ENGLEWOOD HOSPITAL AND MEDICAL CENTER",531,531,N,1,1
121114830,"CORNING HOSPITAL",65,65,Y,2,1
12119124,"CANCER TREATMENT CENTERS OF AMERICA - PHILADELPHIA",58,58,N,1,10
121210003,"MOUNT SINAI BETH ISRAEL",696,696,N,2,1
12123413,"RIVERSIDE SHORE MEMORIAL HOSPITAL",52,52,Y,2,1
12127614,"WAKEMED NORTH",61,61,N,2,1
121310703,"SJRH - PARK CARE PAVILION",141,141,N,2,2
12132164,"ADVENTHEALTH PALM COAST",99,99,Y,2,1
12142728,"T J HEALTH COLUMBIA",74,74,Y,2,1
12144830,"FOSTORIA COMMUNITY HOSPITAL",25,25,Y,2,1
12147374,"RICHMOND STATE HOSPITAL",30,30,N,0,2
1214787,"WESTFIELD MEMORIAL HOSPITAL INC",4,4,Y,2,1
12148602,"COVENANT MEDICAL CENTER",277,277,Y,2,1
121514081,"BROOKS TLC HOSPITAL SYSTEMS INC",45,45,N,2,1
12156557,"MAHNOMEN HEALTH CENTER",18,18,Y,5,4
12160153,"FOSTER G. MCGAW HOSPITAL LOYOLA UNIVERSITY MEDICAL CENTER",547,547,Y,0,1
121614901,"ST. JOSEPH'S HOSPITAL",125,125,Y,2,5
12163628,"PARKLAND HEALTH CENTER - BONNE TERRE",3,3,Y,2,4
12167572,"GRISELL MEMORIAL HOSPITAL DIST NUMBER 1",25,25,N,5,4
12172104,"ARKANSAS DEPARTMENT OF CORRECTION - OUACHITA RIVER UNIT INPATIENT CARE FACILITY",28,28,N,4,1
12173772,"MERCY HOSPITAL WATONGA",25,25,Y,2,4
12177304,"ENCOMPASS HEALTH REHABILITATION HOSPITAL OF THE WOODLANDS",84,84,N,1,5
121843614,"ADVANCED SPECIALTY HOSPITAL OF TOLEDO",40,40,N,1,6
1219380,"LIFECARE HOSPITALS OF CHESTER COUNTY",39,39,N,1,6
121944505,"BELMONT PINES HOSPITAL",53,53,N,1,2
12195667,"TELECARE EL DORADO COUNTY PHF",16,16,N,5,2
1219720,"DELAWARE PSYCHIATRIC CENTER",200,200,N,4,2
12198052,"SWEDISH MEDICAL CENTER - REDMOND ED",18,18,N,2,1
1220037,"GEORGE WASHINGTON UNIVERSITY HOSPITAL",395,395,N,1,1
12202346,"HIGH POINT TREATMENT CENTER",72,72,N,2,2
122045213,"BLUERIDGE VISTA HEALTH AND WELLNESS",44,44,N,1,2
12207652,"BERGEN NEW BRIDGE MEDICAL CENTER",496,496,N,5,1
12211743,"HUNTINGTON HOSPITAL",348,348,N,2,1
122145229,"CHILDREN'S HOSP. MEDICAL CENTER",476,476,Y,2,3
12216901,"UPMC WELLSBORO",25,25,N,2,1
1222401,"MARY WASHINGTON HOSPITAL",981,981,Y,2,1
122244104,"CLEVELAND CLINIC CHILD HOSP FOR REH",52,52,N,2,3
12227403,"WESLEY LONG COMMUNITY HOSPITAL",175,175,N,2,1
12233872,"ADVENTHEALTH SEBRING",171,171,Y,2,1
122343543,"COMM. HOSP. OF WILL.CO - MONTPELIER",25,25,Y,2,8
12236518,"WASHINGTON COUNTY HOSPITAL",25,25,Y,5,4
12237087,"VANDERBILT WILSON COUNTY HOSPITAL",245,245,Y,1,1
12238701,"ALLEGIANCE SPECIALTY HOSPITAL OF GREENVILLE",39,39,N,1,6
12241858,"WHITESBURG ARH HOSPITAL",90,90,Y,2,1
12243228,"DOCTORS HOSPITAL WEST",251,251,Y,2,1
12247906,"RIVER BEND HOSPITAL",16,16,N,1,2
12248601,"ASCENSION ST MARY'S HOSPITAL",268,268,Y,2,1
12250841,"CHI HEALTH - MERCY CORNING",22,22,Y,2,4
12253578,"SAUK PRAIRIE MEM HSPTL",36,36,Y,2,1
122544310,"CRYSTAL CLINIC ORTHOPAEDIC CENTER LLC",94,94,N,1,8
12255041,"MAYO CLINIC HEALTH SYSTEM",18,18,Y,1,4
1225701,"RIVER PARK HOSPITAL",165,165,N,1,2
12261201,"TRINITY MEDICAL CENTER - WEST",276,276,Y,2,1
12263640,"MINERAL AREA REGIONAL MEDICAL CENTER",98,98,Y,1,1
122645216,"DANIEL DRAKE CENTER FOR POST - ACUTE CARE LLC",211,211,N,2,8
12267663,"ROOKS COUNTY HEALTH CENTER",22,22,Y,5,4
12270634,"OCEANS BEHAVIORAL HOSPITAL OF DERIDDER",20,20,N,1,2
1227157,"NORTH CAROLINA BAPTIST HOSPITAL",885,885,Y,2,1
12272205,"CORNERSTONE SPECIALTY HOSPITALS LITTLE ROCK",40,40,Y,1,6
12278411,"ASPIRE HOSPITAL LLC",30,30,N,1,2
122843160,"ADENA FAYETTE MEDICAL CENTER",25,25,Y,5,1
122939,"AUGUSTA HEALTH",244,244,Y,2,1
122944113,"GRACE HOSPITAL",NULL,NULL,N,0,1
1229536,"MCLEOD MEDICAL CENTER DILLON",79,79,Y,2,1
12295380,"EMANUEL MEDICAL CENTER",209,209,Y,1,1
12302346,"MCLEAN SOUTHEAST",34,34,N,1,2
12307601,"HACKENSACK UNIVERSITY MEDICAL CENTER",781,781,Y,1,1
12311706,"SOUTH SHORE UNIVERSITY HOSPITAL",305,305,Y,2,1
123145216,"ENCOMPASS HEALTH REHABILITATION HOSPITAL OF CINCINNATI",60,60,N,1,5
12318102,"ST. LUKE'S HOSPITAL - SACRED HEART CAMPUS",175,175,N,2,1
12323666,"SENTARA CAREPLEX HOSPITAL",224,224,Y,2,1
123244024,"REHAB HOSPITAL AT HEATHER HILL CARE COMMUNITIES",56,56,N,1,5
12330078,"PIEDMONT EASTSIDE MEDICAL CENTER",281,281,Y,1,1
12333852,"ADVENTHEALTH LAKE PLACID",33,33,Y,2,1
123344484,"HILLSIDE REHABILITATION HOSPITAL",69,69,N,1,5
12337087,"VANDERBILT WILSON COUNTY HOSPITAL - SATELLITE",245,245,N,1,1
12339735,"CHOCTAW REGIONAL MEDICAL CENTER",25,25,Y,2,4
12341503,"TUG VALLEY ARH REGIONAL MEDICAL CENTER",113,113,Y,2,1
12343560,"FLOWER HOSPITAL",315,315,Y,2,1
123444120,"SELECT SPECIALTY HOSPITAL - CLEVELAND FAIRHILL",68,68,N,1,6
12346545,"MEDICAL BEHAVIORAL HOSPITAL - MISHAWAKA",30,30,N,0,2
12348608,"HEALTHSOURCE SAGINAW",25,25,N,3,2
12353083,"AURORA SHEBOYGAN MEMORIAL MEDICAL CTR",185,185,Y,2,1
12356307,"ALBANY AREA HOSPITAL AND MED CTR",17,17,N,2,1
12360611,"NORTHWESTERN MEMORIAL HOSPITAL",943,943,N,2,1
12363640,"PARKLAND HEALTH CENTER - FARMINGTON",130,130,Y,2,1
123645801,"KINDRED HOSPITAL LIMA",26,26,Y,1,1
12367361,"SEDAN CITY HOSPITAL",25,25,Y,5,4
1236801,"EAST ALABAMA MEDICAL CENTER",314,314,Y,3,1
12370065,"OCEANS BEHAVIORAL HOSPITAL OF GREATER NEW ORLEANS - GRETNA",48,48,N,1,2
1237015,"TRISTAR ASHLAND CITY MEDICAL CENTER",12,12,N,1,4
12373438,"MERCY HOSPITAL HEALDTON, INC",22,22,Y,2,4
123745662,"KING'S DAUGHTERS MEDICAL CENTER - OHIO",10,10,N,2,1
12378404,"DRISCOLL CHILDRENS HOSPITAL",191,191,Y,2,3
123845504,"MENTAL HEALTH SERVICES FOR CLARK COUNTY, INC",16,16,N,2,2
12391436,"ENCINO HOSPITAL MEDICAL CENTER",107,107,N,1,1
1239581,"SINGING RIVER HEALTH SYSTEM",435,435,Y,5,1
124,"CENTRAL STATE HOSPITAL",126,126,N,4,2
12402745,"VIBRA HOSPITAL OF SOUTHEASTERN MASSACHUSETTS",90,90,N,1,5
1240503,"BAPTIST HEALTH LEXINGTON",391,391,Y,2,1
12407302,"JERSEY CITY MEDICAL CENTER",348,348,N,1,1
12411901,"PECONIC BAY MEDICAL CENTER",144,144,Y,2,1
124143205,"NATIONWIDE CHILDREN'S HOSPITAL INC",551,551,Y,2,3
12419134,"ST. CHRISTOPHER'S HOSPITAL FOR CHILDREN",188,188,Y,2,3
124244067,"NORTHCOAST BEHAVIORAL HEALTHCARE NORTHFIELD CAMPUS",258,258,N,4,2
124343223,"OHIO HOSPITAL FOR PSYCHIATRY",130,130,N,1,2
12434744,"ADVENTHEALTH KISSIMMEE",162,162,Y,2,1
12437166,"SAINT THOMAS DEKALB HOSPITAL, LLC",71,71,Y,2,1
12439631,"FIELD HEALTH SYSTEMS",25,25,Y,5,1
12440232,"NORTON HEALTHCARE PAVILION",264,264,N,2,1
1244106,"LOUIS STOKES CLEVELAND DEPARTMENT OF VETERANS AFFAIRS MEDICAL CENTER",585,585,N,6,7
12444309,"SUMMA HEALTH SYSTEM AKRON CITY HOSPITAL",649,649,Y,2,1
12446060,"RIVERVIEW HEALTH",156,156,N,5,1
12448602,"COVENANT MEDICAL CENTER - COOPER",290,290,Y,2,1
12452641,"MENTAL HEALTH INSTITUTE",78,78,N,4,2
12453081,"ST NICHOLAS HOSPITAL",185,185,Y,2,1
124543201,"OHRH, LLC",74,74,N,1,5
12456082,"RIVERS EDGE HOSPITAL AND CLINIC",25,25,Y,5,4
12460115,"KISHWAUKEE COMMUNITY HOSPITAL",98,98,Y,2,1
1246219,"COMMUNITY HOSPITAL EAST",360,360,N,2,1
12463640,"SOUTHEAST MISSOURI MENTAL HEALTH CENTER",331,331,N,4,2
124643223,"TORII BEHAVIORAL HEALTH",20,20,N,1,2
12466538,"NEMAHA VALLEY COMMUNITY HOSPITAL",22,22,Y,1,4
12474056,"PAWHUSKA HOSPITAL, INC",25,25,Y,5,4
124744106,"RAINBOW BABIES AND CHILDRENS HOSPITAL",237,237,Y,2,3
12478412,"CHRISTUS SPOHN HOSPITAL CORPUS CHRISTI",100,100,Y,2,8
12480528,"BANNER FORT COLLINS MEDICAL CENTER",29,29,Y,2,1
124844128,"REGENCY HOSPITAL OF CLEVELAND EAST",44,44,N,1,6
1248532,"MCLAREN FLINT",342,342,Y,2,1
124943560,"REGENCY HOSPITAL OF TOLEDO, LLC",45,45,N,1,8
12495926,"ENLOE MEDICAL CENTER - COHASSET",30,30,N,2,1
125,"BON SECOURS ST. MARY'S HOSPITAL",391,391,N,2,1
12502359,"WESTWOOD/PEMBROKE HLTH SYS - PEMBROKE",45,45,N,1,2
125045863,"RIDGEVIEW HOSPITAL",86,86,N,1,2
12507047,"PALISADES MEDICAL CENTER",197,197,Y,1,1
12511507,"ST. CHARLES HOSPITAL",243,243,N,2,5
12517604,"UPMC PINNACLE LANCASTER",214,214,N,1,1
12523667,"HAMPTON VA MEDICAL CENTER",485,485,N,6,7
125244460,"TRUMBULL REGIONAL MEDICAL CENTER",280,280,Y,1,1
12531717,"MEMORIAL HOSPITAL AND MANOR",80,80,Y,3,1
125345420,"ACCESS HOSPITAL DAYTON, LLC",110,110,N,1,2
1253719,"UNITYPOINT HEALTH MERITER CHILD AND ADOLESCENT PSYCH",30,30,N,2,3
12537398,"SOUTHERN TENNESSEE REGIONAL HEALTH SYSTEM WINCHESTER",152,152,Y,1,1
12539466,"HIGHLAND COMMUNITY HOSPITAL",50,50,Y,5,1
12545701,"O'BLENESS MEMORIAL HOSPITAL",135,135,Y,2,1
12546173,"RUSH MEMORIAL HOSPITAL",25,25,Y,5,4
12548602,"COVENANT MEDICAL CENTER, MICHIGAN",56,56,N,2,1
1255435,"FAIRVIEW SOUTHDALE HOSPITAL",390,390,Y,1,1
12554843,"HAYWARD AREA MEMORIAL HOSPITAL",25,25,Y,2,4
12555604,"NORTH SHORE HEALTH",16,16,Y,3,4
12560515,"GOOD SAMARITAN HOSPITAL - ADVOCATE",293,293,Y,2,1
12566534,"SABETHA COMMUNITY HOSPITAL",25,25,Y,5,4
12570444,"OCEANS BEHAVIORAL HOSPITAL OF KENTWOOD",18,18,N,1,2
1257301,"AVERA QUEEN OF PEACE",50,50,Y,2,1
125744501,"SELECT SPECIALTY HOSP - YOUNGSTOWN",31,31,Y,1,8
12574864,"PRAGUE REGIONAL MEMORIAL HOSPITAL",25,25,N,1,4
12578404,"THE CORPUS CHRISTI MEDICAL CENTER - BAY AREA",152,152,Y,1,1
12580129,"CHILDREN'S HOSPITAL COLORADO - SOUTH CAMPUS",16,16,Y,2,3
1258854,"MCKENZIE COUNTY HEALTHCARE SYSTEMS INC",24,24,N,2,4
1259254,"SHERIDAN MEMORIAL HOSPITAL",19,19,N,2,4
125943207,"REGENCY HOSPITAL OF COLUMBUS",43,43,N,1,8
12595926,"ENLOE MEDICAL CENTER - ESPLANADE",228,228,Y,2,1
126,"KERNERSVILLE MEDICAL CENTER-ER",50,50,N,2,1
12602537,"SPAULDING REHABILITATION HOSPITAL - CAPE COD",60,60,N,2,5
126044308,"SELECT SPECIALTY HOSPITAL - AKRON LLC",60,60,N,1,6
12607666,"HOLY NAME MEDICAL CENTER",372,372,N,2,1
126101,"CAMDEN CLARK MEDICAL CENTER",302,302,Y,2,1
12611787,"ST CATHERINE OF SIENA HOSPITAL",296,296,N,2,1
1261364,"ST MARYS HOSPITAL",98,98,Y,2,1
12615215,"UPMC ST. MARGARET",250,250,Y,2,1
1261856,"KIRBY MEDICAL CENTER",16,16,Y,2,4
12623505,"BON SECOURS DEPAUL MEDICAL CENTER",175,175,Y,2,1
126245701,"APPALACHIAN BEHAVIORAL HEALTH CARE",88,88,N,4,2
12631082,"WASHINGTON COUNTY REGIONAL MEDICAL CENTER",56,56,Y,3,1
126345220,"SELECT SPECIALTY HOSP - CINCINNATI",30,30,N,1,8
12637375,"SOUTHERN TENNESSEE REGIONAL HEALTH SYSTEM",152,152,Y,1,1
1263857,"TWIN RIVERS REGIONAL MEDICAL CENTER",116,116,Y,1,1
12638654,"METHODIST HEALTHCARE - OLIVE BRANCH HOSPITAL",67,67,Y,2,1
126443201,"SELECT SPECIALTY HOSP - COLUMBUS INC",162,162,N,1,8
12645123,"GREENFIELD AREA MEDICAL CENTER",25,25,N,2,1
12647111,"SAINT CATHERINE REGIONAL HOSPITAL",64,64,N,1,1
12651601,"SHENANDOAH MEDICAL CENTER",25,25,Y,2,4
126543537,"ARROWHEAD BEHAVORIAL HEALTH",48,48,N,1,2
12655705,"ESSENTIA HEALTH NORTHERN PINES",16,16,Y,1,4
12662062,"ANDERSON HOSPITAL",134,134,Y,2,1
12663044,"SSM HEALTH DEPAUL HOSPITAL - ST. LOUIS",523,523,Y,2,1
126645069,"BECKETT SPRINGS, LLC",96,96,N,1,2
12666204,"ADVENTHEALTH SHAWNEE MISSION",504,504,Y,1,6
1267045,"GREENWOOD COUNTY HOSPITAL",25,25,Y,5,4
12670605,"OCEANS BEHAVIORAL HOSPITAL OF LAKE CHARLES",20,20,N,1,2
12673554,"MANGUM REGIONAL MEDICAL CENTER",18,18,N,1,4
126744708,"SELECT SPECIALTY HOSP NEOH CANTON",30,30,Y,1,8
12680230,"EATING RECOVERY CENTER BEHAVIORAL HEALTH",29,29,N,1,2
126843016,"DUBLIN SPRINGS",72,72,N,1,2
12695926,"ENLOE REHABILITATION CENTER",40,40,N,2,1
127,"NEW HANOVER REGIONAL MEDICAL CENTER ORTHOPEDIC HOSPITAL",NULL,NULL,N,0,8
12701104,"THE SHRINERS' HOSPITAL FOR CHILDREN",20,20,N,2,3
127045229,"SHRINERS HOSP FOR CHILDREN",30,30,Y,2,3
12707450,"THE VALLEY HOSPITAL",446,446,N,1,1
1271019,"CHRISTUS COUSHATTA HEALTH CARE CENTER",25,25,Y,2,1
12714850,"CAYUGA MEDICAL CENTER AT ITHACA",212,212,Y,2,1
12715240,"PITTSBURGH VA MEDICAL CENTER - UNIVERSITY DRIVE",146,146,N,6,7
12716544,"SAINT VINCENT HOSPITAL",348,348,Y,2,1
127216,"ALAMANCE REGIONAL MEDICAL CENTER",238,238,Y,2,1
12723507,"CHILDREN'S HOSPITAL OF THE KING'S DAUGHTERS",206,206,Y,2,3
12732117,"ADVENTHEALTH DAYTONA BEACH",362,362,Y,2,1
12739339,"WINSTON MEDICAL CENTER",24,24,N,2,1
1274055,"BAILEY MEDICAL CENTER, LLC",73,73,N,1,1
12743015,"GRADY MEMORIAL HOSPITAL",152,152,Y,2,1
127445237,"SUMMIT BEHAVIORAL HEALTHCARE",291,291,N,4,2
12746016,"ASCENSION ST VINCENT ANDERSON",195,195,Y,2,1
12748060,"LAKE HURON MEDICAL CENTER",144,144,Y,2,1
12751632,"CHI HEALTH MISSOURI VALLEY",25,25,N,4,4
12754773,"GUNDERSEN TRI - COUNTY HOSPITAL AND CLINICS",25,25,N,2,4
